                       Norm,                    Minimum,                    Maximum,                       Mean
        +2.907084205753e-01,        +1.684693499798e-08,        +1.845683691978e-02,        +6.288266148126e-04
