                       Norm,                    Minimum,                    Maximum,                       Mean
        +2.464410743137e-01,        +6.872170548341e-07,        +2.151313500636e-02,        +6.693800808615e-04
