        i,                 E_elec (J),                  E_mag (J),                  E_cap (J),                  E_ind (J),              E_elec[1] (J),                  p_elec[1],               E_mag[1] (J),                   p_mag[1]
 1.00e+00,        +0.000000000000e+00,        +9.491388090335e-01,        +0.000000000000e+00,        +0.000000000000e+00,        +0.000000000000e+00,        +0.000000000000e+00,        +0.000000000000e+00,        +0.000000000000e+00
