                       Norm,                    Minimum,                    Maximum,                       Mean
        +1.089848978255e-01,        +0.000000000000e+00,        +4.707072840433e-03,        +3.988290641769e-04
