        i,             B_x[1] (Wb/m²),             B_y[1] (Wb/m²),             B_z[1] (Wb/m²)
 1.00e+00,        +2.058295621000e-07,        -5.771946724204e-07,        -2.405751199844e-05
