                       Norm,                    Minimum,                    Maximum,                       Mean
        +9.148171932780e-02,        +6.161809747426e-08,        +1.016279083742e-02,        +2.776118763460e-04
