                       Norm,                    Minimum,                    Maximum,                       Mean
        +5.676662627822e-02,        +0.000000000000e+00,        +1.620993743980e-03,        +5.156287178501e-05
