        i,             B_x[1] (Wb/m²),             B_y[1] (Wb/m²),             B_z[1] (Wb/m²)
 1.00e+00,        +1.219296422483e-06,        -1.302773517073e-06,        -2.358891961124e-05
