        i,             B_x[1] (Wb/m²),             B_y[1] (Wb/m²),             B_z[1] (Wb/m²)
 1.00e+00,        +1.336698510675e-07,        -8.890788681732e-07,        -3.807275340390e-05
