        i,              Φ_mag[1] (Wb),              Φ_mag[2] (Wb)
 1.00e+00,        -1.139869456328e-09,        -4.105294892413e-10
