                       Norm,                    Minimum,                    Maximum,                       Mean
        +1.002974278422e-02,        +3.308613313895e-06,        +1.764242651183e-04,        +1.930557880740e-05
