        f (GHz),               I_inc[1] (A),               Re{I[1]} (A),               Im{I[1]} (A)
 3.25000000e+00,        +1.414213562373e-01,        +1.212515117283e-01,        +1.025335156334e-01
