        f (GHz),               V_inc[1] (V),               Re{V[1]} (V),               Im{V[1]} (V)
 3.25000000e+00,        +7.071067811865e+00,        +6.062575586414e+00,        +5.126675781671e+00
