        f (GHz),             |S[1][1]| (dB),        arg(S[1][1]) (deg.)
 3.25000000e+00,        -2.628095663300e+00,        +1.011288217639e+02
