        f (GHz),          Re{Φ_elec[1]} (C),          Im{Φ_elec[1]} (C)
 3.25000000e+00,        -3.426062692584e-14,        -6.720775619514e-15
