                       Norm,                    Minimum,                    Maximum,                       Mean
        +2.436254634822e-01,        +6.059629254977e-07,        +1.878206232500e-02,        +7.818296872981e-04
