                       Norm,                    Minimum,                    Maximum,                       Mean
        +4.366724532876e-01,        +1.603604674287e-05,        +1.974156248683e-02,        +1.456019093977e-03
