                       Norm,                    Minimum,                    Maximum,                       Mean
        +1.039766367797e-02,        +2.979787289812e-06,        +7.084077689622e-04,        +1.670625233291e-05
