                       Norm,                    Minimum,                    Maximum,                       Mean
        +6.431795385911e-03,        +3.151704552585e-06,        +1.270741302834e-04,        +1.226371665949e-05
