                       Norm,                    Minimum,                    Maximum,                       Mean
        +5.583507198052e-02,        +0.000000000000e+00,        +1.275683615254e-03,        +4.930739419196e-05
