        i,             B_x[1] (Wb/m²),             B_y[1] (Wb/m²),             B_z[1] (Wb/m²)
 1.00e+00,        +1.067701149168e-07,        -9.735995773095e-07,        -3.851177992351e-05
